id,GEOID,incomeZscore,computerZscore,internetZscore,compositeValue
0,53033000101,-1.327243226,0.323826406,-0.626550628,107790650.6
1,53033000102,-0.99043796,-0.111552774,-1.561398738,107790650.6
2,53033000201,-0.708975627,0.762479114,-1.329639736,107790650.8
3,53033000202,-0.22962391,0.726470309,0.068726378,107790650.8
4,53033000300,-0.134414516,0.73956442,0.357774122,107790651
5,53033000402,-0.816356742,-0.632043674,-0.204697164,107790651.2
6,53033000403,-1.735310081,-2.206610483,-2.714985682,107790651.2
7,53033000404,-1.727211116,-1.591187281,-1.517130165,107790651.2
8,53033000500,0.847422172,0.769026169,0.297881347,107790651.4
9,53033000601,-0.596427931,-0.762984781,-1.634311683,107790651.6
10,53033000602,-0.366049592,-0.114826302,-0.230737501,107790651.6
11,53033000700,-0.764132377,-1.231099237,-1.699412526,107790651.8
12,53033000800,0.051582422,-0.343973239,0.347357987,107790652
13,53033000900,0.203507848,0.12086769,0.99836642,107790652.2
14,53033001000,0.094590722,0.788667335,1.14419231,107790652.4
15,53033001100,0.340073167,0.088132414,-0.186468928,107790652.6
16,53033001201,-1.64785056,-2.278628092,-2.261883812,107790652.8
17,53033001202,-1.158049315,-0.415990848,-0.056267241,107790652.8
18,53033001300,-0.773348441,-0.684420117,-1.13694124,107790653
19,53033001400,-0.101134283,0.039029499,0.183303862,107790653.3
20,53033001500,0.904929483,0.012841277,0.170283694,107790653.5
21,53033001600,1.949789158,0.183064716,0.224968402,107790653.7
22,53033001701,-0.456650953,-0.006799889,0.196324031,107790653.9
23,53033001702,-0.412711736,0.628264479,0.503600011,107790653.9
24,53033001800,-0.270816925,0.225620576,0.527036315,107790654.1
25,53033001900,0.237206993,0.510417483,0.797855823,107790654.3
26,53033002000,0.334185126,0.526785121,0.714526744,107790654.5
27,53033002100,0.430814166,1.001446634,0.77441952,107790654.7
28,53033002200,0.762243394,0.608623313,0.831708262,107790654.9
29,53033002400,0.948263605,0.330373461,0.704110609,107790655.3
30,53033002500,0.838252653,0.068491248,0.222364368,107790655.5
31,53033002600,1.189556929,0.723196782,-0.163032624,107790655.7
32,53033002700,1.181783784,0.602076258,0.399438662,107790655.9
33,53033002800,0.340259351,0.323826406,-0.902578204,107790656.1
34,53033002900,0.520763886,0.703555616,0.521828247,107790656.3
35,53033003000,0.317777739,0.566067454,0.797855823,107790656.5
36,53033003100,1.201286466,0.395844015,0.409854797,107790656.7
37,53033003201,-0.169510035,-1.126346352,-0.681235337,107790656.9
38,53033003202,0.773554019,-1.610828447,-0.933826609,107790656.9
39,53033003301,0.228060747,0.307458768,0.407250763,107790657.1
40,53033003302,0.328715997,1.001446634,1.14419231,107790657.1
41,53033003400,0.589418912,-0.415990848,-0.035434971,107790657.3
42,53033003500,-0.011952568,-0.55347901,-0.092723713,107790657.5
43,53033003601,-0.405217866,-0.239220353,-0.097931781,107790657.7
44,53033003602,-0.583581295,0.719923254,0.920245409,107790657.7
45,53033003800,0.386712039,0.549699815,0.784835654,107790658.1
46,53033003900,1.103028324,0.886873165,0.82389616,107790658.3
47,53033004000,0.271674143,0.389296959,0.318713616,107790658.5
48,53033004101,3.164354747,1.001446634,1.14419231,107790658.8
49,53033004102,1.113408033,0.091405941,0.420270932,107790658.7
50,53033004201,1.480398237,0.399117542,0.665050103,107790659
51,53033004202,1.192116947,0.726470309,0.925453476,107790659
52,53033004301,-0.073090451,0.169970605,0.599949259,107790659.1
53,53033004302,-1.734448985,0.20597941,-0.405207761,107790659.1
54,53033004401,0.122867284,1.001446634,-0.004186566,107790659.4
55,53033004402,-1.226611249,0.624990952,0.183303862,107790659.4
56,53033004500,0.239557555,-0.952849385,-0.074495477,107790659.6
57,53033004600,0.551274645,0.546426287,0.532244382,107790659.8
58,53033004701,-0.650909767,0.467861623,1.14419231,107790660
59,53033004702,-0.28245337,-0.979037607,-0.431248099,107790660
60,53033004703,0.19498997,-0.206485077,0.82389616,107790660
61,53033004800,0.328762543,1.001446634,1.14419231,107790660.2
62,53033004901,-0.061896191,0.83777025,1.013990623,107790660.4
63,53033004902,-0.100924827,-2.245892815,-1.314015534,107790660.4
64,53033005000,-0.096409887,0.314005823,0.584325057,107790660.6
65,53033005100,0.727147876,0.510417483,0.511412113,107790660.8
66,53033005201,-0.947220204,0.045576554,-0.199489096,107790661
67,53033005202,-1.56402161,1.001446634,0.193719997,107790661
68,53033005304,-2.1641829,-2.759836659,-2.550931557,107790661.2
69,53033005305,-2.039091116,1.001446634,-0.183864894,107790661.2
70,53033005306,-1.773407803,1.001446634,0.888997004,107790661.2
71,53033005307,-1.823421243,1.001446634,1.14419231,107790661.2
72,53033005401,0.281541849,0.314005823,0.415062864,107790661.4
73,53033005402,-0.189710903,1.001446634,0.704110609,107790661.4
74,53033005600,1.495595434,0.399117542,0.571304888,107790661.8
75,53033005700,0.972071771,-0.465093763,-0.022414803,107790662
76,53033005801,0.241070293,1.001446634,0.748379182,107790662.2
77,53033005803,0.403817613,0.300911712,0.378606392,107790662.2
78,53033005804,-0.7387882,0.808308501,0.990554319,107790662.2
79,53033005901,0.605151386,-0.209758604,0.180699829,107790662.4
80,53033005902,1.182132878,0.048850082,-0.251569771,107790662.4
81,53033006000,-0.171092591,0.5005969,0.873372801,107790662.6
82,53033006100,0.346077573,1.001446634,0.990554319,107790662.8
83,53033006200,2.367956448,-0.101732191,0.139035289,107790663
84,53033006300,0.581040672,0.471135151,0.839520363,107790663.2
85,53033006400,1.236568167,0.372929321,0.805667924,107790663.4
86,53033006500,0.174835648,0.867231999,0.881184903,107790663.6
87,53033006600,0.425717403,1.001446634,0.977534151,107790663.8
88,53033006701,0.915867742,-0.969217024,-0.423435997,107790664
89,53033006702,0.004385,-0.039535165,0.735359014,107790664
90,53033006703,-0.247637127,1.001446634,1.14419231,107790664
91,53033006800,0.794313437,0.405664598,0.568700855,107790664.2
92,53033006900,0.840277395,0.572614509,0.803063891,107790664.4
93,53033007001,-1.302015413,0.019388333,0.308297481,107790664.6
94,53033007002,-1.033795355,1.001446634,1.14419231,107790664.6
95,53033007101,-0.041322956,1.001446634,0.696298508,107790664.8
96,53033007102,-0.416109578,-1.024866994,-0.80883299,107790664.8
97,53033007201,-0.109349614,0.26162938,0.016645703,107790665
98,53033007202,1.378462979,1.001446634,-0.02762287,107790665
99,53033007203,0.138855759,1.001446634,1.14419231,107790665.1
100,53033007301,-0.530658743,0.762479114,-0.241153636,107790665.2
101,53033007302,0.440891327,-1.126346352,-0.649986932,107790665.2
102,53033007303,0.210885354,0.55624687,0.961909948,107790665.3
103,53033007403,-0.669644443,0.572614509,0.790043722,107790665.5
104,53033007404,-0.377942038,0.490776317,0.737963047,107790665.5
105,53033007405,-0.879333183,-2.448851531,-2.754046188,107790665.4
106,53033007406,-1.331967623,0.608623313,-0.28542221,107790665.5
107,53033007501,-1.05276276,-1.56499906,-0.475516672,107790665.6
108,53033007502,-0.294601819,0.10777358,-1.449425288,107790665.7
109,53033007503,-1.150252897,0.549699815,-1.33224377,107790665.7
110,53033007600,0.141252867,1.001446634,0.779627587,107790665.9
111,53033007700,0.297460506,0.202705882,0.508808079,107790666.1
112,53033007800,1.282927765,-0.203211549,0.514016146,107790666.3
113,53033007901,-1.036192462,0.356561683,0.222364368,107790666.5
114,53033007902,-0.906702102,0.526785121,0.766607418,107790666.5
115,53033008002,-0.271561658,-2.481586807,-2.07178935,107790666.7
116,53033008003,-0.137835631,-0.157382162,0.868164734,107790666.7
117,53033008004,1.537230635,1.001446634,0.891601037,107790666.7
118,53033008101,-0.610065844,-0.89065236,-1.498901929,107790666.9
119,53033008102,-0.157873589,-3.146112925,-1.084860565,107790666.9
120,53033008200,0.051582422,0.438399874,0.086954614,107790667.1
121,53033008300,-0.257667742,-1.928360631,-1.327035702,107790667.3
122,53033008401,-0.917221448,-0.776078891,-0.186468928,107790667.5
123,53033008402,-1.001771858,1.001446634,0.36298219,107790667.5
124,53033008500,-0.966141063,-1.948001797,-1.595251177,107790667.7
125,53033008600,-1.103753662,1.001446634,-0.267193973,107790667.9
126,53033008700,0.709763027,-0.101732191,-0.256777838,107790668.1
127,53033008800,0.687700327,-0.22939977,0.165075626,107790668.3
128,53033008900,0.09577764,0.356561683,0.110390918,107790668.5
129,53033009000,-1.144295037,-2.036387044,-1.272350994,107790668.7
130,53033009100,-1.685296641,-4.187094724,-3.644625724,107790668.9
131,53033009200,-1.795703231,-2.599433804,-3.483175633,107790669.1
132,53033009300,-0.050236473,0.035755971,-0.45989247,107790669.3
133,53033009400,-0.785357253,-0.769531836,-1.600459244,107790669.5
134,53033009500,0.404445981,0.79521439,0.891601037,107790669.7
135,53033009600,0.67250313,-1.136166935,-0.566657853,107790669.9
136,53033009701,-0.006599804,0.638085062,0.6494259,107790670.1
137,53033009702,0.731406815,0.778846752,0.967118016,107790670.1
138,53033009801,0.713416871,0.127414746,-0.636966763,107790670.3
139,53033009802,-0.015443502,0.222347048,0.524432281,107790670.3
140,53033009900,-0.636992578,0.78212028,0.131223188,107790670.5
141,53033010001,-1.226657795,-1.653384307,-1.912943292,107790670.7
142,53033010002,-0.748143901,-0.972490551,-0.780188619,107790670.7
143,53033010102,0.590512738,-0.206485077,0.183303862,107790670.9
144,53033010200,0.749769125,-0.167202745,-0.079703545,107790671.1
145,53033010301,-0.18114648,0.317279351,-0.574469954,107790671.3
146,53033010302,-0.081352327,-0.111552774,-0.94163871,107790671.3
147,53033010401,-0.185312327,-0.579667231,-0.881745934,107790671.5
148,53033010402,-0.320667456,-0.213032132,-0.360939188,107790671.5
149,53033010501,-0.24726476,-1.100158131,-0.639570797,107790671.7
150,53033010502,-0.052703399,0.520238066,0.615573462,107790671.8
151,53033010601,0.607408856,-0.091911608,0.274445043,107790672
152,53033010602,-0.455301125,0.798487918,0.982742218,107790672
153,53033010701,-0.404845499,0.192885299,-0.548429616,107790672.2
154,53033010702,-1.042639053,0.549699815,-0.189072961,107790672.2
155,53033010800,-0.108418698,0.35983521,0.422874966,107790672.4
156,53033010900,-1.329617061,-1.198363961,-1.314015534,107790672.6
157,53033011001,-1.541144359,-3.444003943,-3.490987734,107790672.7
158,53033011002,-1.4339727,0.497323372,-1.126525105,107790672.8
159,53033011101,-0.762968732,-1.096884603,-0.597906257,107790673
160,53033011102,-0.011184563,-0.520743733,-1.306203433,107790673
161,53033011200,-1.212484605,-0.962669968,-1.386928478,107790673.2
162,53033011300,-0.672786283,-1.748316609,-2.423333904,107790673.4
163,53033011401,-0.405148047,-0.330879128,-0.071891443,107790673.6
164,53033011402,-0.8466115,0.012841277,-0.038039005,107790673.6
165,53033011500,-0.333141725,0.572614509,0.566096821,107790673.8
166,53033011601,0.756029532,0.549699815,0.10518285,107790674
167,53033011602,0.065359972,0.183064716,0.493183876,107790674
168,53033011700,-0.72929286,0.693735033,-0.293234311,107790674.2
169,53033011801,-0.421136522,1.001446634,0.136431255,107790674.4
170,53033011802,-1.091279393,-2.933333626,-1.889506989,107790674.4
171,53033011901,0.45299323,1.001446634,0.03487394,107790674.6
172,53033011902,0.043832549,-0.782625947,0.297881347,107790674.6
173,53033012000,0.002918808,0.54315276,0.675466238,107790674.8
174,53033012100,1.251602455,0.890146693,1.055655163,107790675
175,53033020100,-0.31764198,0.926155497,0.412458831,107790691.3
176,53033020200,-0.599616317,-0.965943496,-1.298391331,107790691.5
177,53033020301,-1.12137124,-0.586214286,-0.118764051,107790691.7
178,53033020302,-0.730968509,1.001446634,0.112994952,107790691.7
179,53033020401,-0.592168992,-0.383255571,-0.347919019,107790691.9
180,53033020402,-0.431330048,0.539879232,0.115598985,107790691.9
181,53033020500,-0.195412761,-0.010073416,-0.215113299,107790692.1
182,53033020600,0.361600591,-0.697514227,-0.207301198,107790692.3
183,53033020700,-0.599127586,0.428579291,0.704110609,107790692.5
184,53033020800,0.513083833,-0.249040936,-1.608271346,107790692.7
185,53033020900,-0.224783149,0.480955734,-0.170844725,107790692.9
186,53033021000,-0.2840592,-0.70733481,-0.204697164,107790693.1
187,53033021100,-0.143165123,0.431852819,-1.087464599,107790693.3
188,53033021300,-0.39397706,0.166697078,-0.139596321,107790693.7
189,53033021400,0.875838371,-1.04450816,-0.618738527,107790693.9
190,53033021500,1.069771364,0.693735033,0.67025817,107790694.1
191,53033021600,-0.040880771,1.001446634,1.14419231,107790694.3
192,53033021701,0.810860462,1.001446634,0.857748599,107790694.5
193,53033021702,-0.919339281,-2.841674851,-1.798365808,107790694.5
194,53033021802,-0.013069667,0.435126347,0.849936498,107790694.7
195,53033021803,0.040597617,0.395844015,0.461935472,107790694.7
196,53033021804,-0.285036661,-0.376708516,-1.194229982,107790694.7
197,53033021903,-0.688006753,-1.846522439,-0.801020889,107790694.9
198,53033021904,0.36795409,0.5005969,0.524432281,107790694.9
199,53033021905,-0.217894373,-0.383255571,-0.228133467,107790694.9
200,53033021906,0.279028377,-0.023167527,0.370794291,107790694.9
201,53033022001,0.101828591,-1.643563724,-0.623946595,107790695.1
202,53033022003,0.179653136,0.575888037,0.599949259,107790695.1
203,53033022005,-0.634199831,0.634811535,0.990554319,107790695.1
204,53033022006,-0.072206081,0.769026169,0.607761361,107790695.1
205,53033022101,1.069771364,-0.052629276,0.240592604,107790695.3
206,53033022102,0.777743139,0.831223195,0.683278339,107790695.3
207,53033022201,-0.140861107,1.001446634,0.274445043,107790695.5
208,53033022203,0.514480206,0.985078995,1.14419231,107790695.5
209,53033022204,0.389318603,0.677367394,0.88639297,107790695.5
210,53033022205,-0.348408741,-0.055902804,-0.118764051,107790695.5
211,53033022300,1.175802651,0.232167631,0.532244382,107790695.7
212,53033022401,0.79796728,0.710102671,0.912433307,107790695.9
213,53033022402,0.077438602,0.507143955,0.610365394,107790695.9
214,53033022501,0.95289491,-0.386529099,0.563492787,107790696.1
215,53033022502,0.316870096,0.69700856,0.206740166,107790696.1
216,53033022603,0.585229792,1.001446634,0.334337819,107790696.4
217,53033022604,0.965043359,0.471135151,0.389022527,107790696.4
218,53033022605,0.015113803,0.425305764,0.995762387,107790696.4
219,53033022606,0.251589639,-0.769531836,-0.26458994,107790696.4
220,53033022701,1.105192703,0.78212028,0.821292127,107790696.6
221,53033022702,1.723786122,-0.343973239,-0.350523053,107790696.6
222,53033022703,1.162327648,0.801761446,0.800459857,107790696.6
223,53033022802,0.985802777,1.001446634,0.873372801,107790696.8
224,53033022803,0.784399185,-0.121373357,0.665050103,107790696.8
225,53033022804,-0.006599804,0.713376199,0.902017172,107790696.8
226,53033022805,0.375354869,0.716649726,-0.399999694,107790696.8
227,53033022901,1.083409278,1.001446634,1.14419231,107790697
228,53033022902,1.168471691,0.729743837,0.152055458,107790697
229,53033023000,1.177105933,0.79521439,0.206740166,107790697.2
230,53033023100,1.13279435,0.801761446,0.826500194,107790697.4
231,53033023201,-0.285222844,-0.360340877,-1.912943292,107790697.6
232,53033023202,-1.032724802,-3.365439278,-3.280061002,107790697.5
233,53033023300,0.153401316,0.824676139,0.045290074,107790697.8
234,53033023401,0.134084817,-0.943028802,0.055706209,107790698
235,53033023403,0.806508431,1.001446634,1.14419231,107790698
236,53033023404,0.218867956,0.06521772,0.399438662,107790698
237,53033023500,0.683837027,0.323826406,0.308297481,107790698.2
238,53033023601,0.4136155,-0.046082221,0.376002358,107790698.4
239,53033023603,0.70994921,0.674093867,0.594741192,107790698.4
240,53033023604,-0.188244711,-0.432358486,0.636405732,107790698.4
241,53033023701,1.589990277,0.464588096,0.899413139,107790698.6
242,53033023702,0.148793284,1.001446634,1.14419231,107790698.6
243,53033023801,0.116094873,1.001446634,0.748379182,107790698.8
244,53033023805,0.530957412,1.001446634,0.831708262,107790698.8
245,53033023806,0.732035183,-0.497829039,0.678070271,107790698.8
246,53033023807,0.52071734,-0.163929217,0.217156301,107790698.8
247,53033023808,0.355340183,1.001446634,1.14419231,107790698.8
248,53033023901,0.882750419,-0.684420117,-0.022414803,107790699
249,53033023902,3.164354747,1.001446634,1.14419231,107790699
250,53033024001,1.362218501,0.225620576,0.180699829,107790699.2
251,53033024002,0.980077646,0.386023432,0.94888978,107790699.2
252,53033024100,3.164354747,0.716649726,0.933265577,107790699.4
253,53033024200,2.198506535,-0.023167527,0.329129751,107790699.6
254,53033024301,-0.377499854,-2.389928033,-1.480673693,107790699.8
255,53033024302,1.899263714,1.001446634,0.503600011,107790699.8
256,53033024400,-0.271654749,0.536605704,0.94888978,107790700
257,53033024500,2.99809322,1.001446634,1.021802724,107790700.2
258,53033024601,3.164354747,0.801761446,1.016594657,107790700.4
259,53033024602,3.164354747,0.228894103,0.508808079,107790700.4
260,53033024701,-0.417296496,0.831223195,1.14419231,107790700.6
261,53033024703,1.51384138,-0.095185136,0.618177496,107790700.6
262,53033024704,1.152017758,1.001446634,1.14419231,107790700.6
263,53033024800,-0.016304599,1.001446634,0.792647756,107790700.8
264,53033024901,1.86686785,0.860684944,0.922849442,107790701
265,53033024902,1.606979487,1.001446634,0.94888978,107790701
266,53033024904,2.761617384,1.001446634,1.14419231,107790701
267,53033024905,2.827223661,1.001446634,1.14419231,107790701
268,53033025001,0.686303954,0.225620576,0.456727404,107790701.2
269,53033025005,0.650510249,0.59880273,0.376002358,107790701.2
270,53033025006,1.221510608,0.824676139,1.003574488,107790701.2
271,53033025007,0.724099127,0.428579291,0.899413139,107790701.2
272,53033025008,1.580099298,0.274723491,0.566096821,107790701.2
273,53033025101,-0.347128732,-0.288323268,0.295277313,107790701.4
274,53033025103,0.023282587,0.166697078,0.480163708,107790701.4
275,53033025104,0.164153391,0.104500052,0.430687067,107790701.4
276,53033025201,-0.402681121,0.441673402,0.469747573,107790701.6
277,53033025202,-0.317711799,-0.857917083,-1.488485794,107790701.6
278,53033025302,-1.562881239,-2.96934243,-1.730660931,107790701.8
279,53033025303,-0.825246986,0.772299697,1.107735837,107790701.8
280,53033025304,-0.047094633,0.513691011,0.571304888,107790701.8
281,53033025401,-1.122488339,-0.019893999,-2.004084473,107790702
282,53033025402,-0.638388952,-1.195090433,-0.603114325,107790702
283,53033025500,-1.01024319,-0.897199415,-1.014551655,107790702.2
284,53033025601,-0.912147958,0.719923254,0.810875992,107790702.4
285,53033025602,1.028438711,0.68391445,0.665050103,107790702.4
286,53033025702,-0.093873142,0.133961801,0.073934446,107790702.6
287,53033025703,-0.978592059,-1.254013931,-0.097931781,107790702.6
288,53033025704,-0.689379854,-0.579667231,-0.347919019,107790702.6
289,53033025803,-0.860156322,-0.812087696,-0.329690783,107790702.8
290,53033025804,-0.681769619,-2.219704594,-1.845238415,107790702.8
291,53033025805,-0.908796662,-0.095185136,-0.110951949,107790702.9
292,53033025806,-0.478899836,0.467861623,-0.522389279,107790702.9
293,53033026001,-0.23888652,-1.178722795,-0.722899877,107790703.2
294,53033026003,-1.394129512,0.631538007,0.139035289,107790703.3
295,53033026004,-0.106952506,-0.952849385,-0.410415829,107790703.3
296,53033026101,-1.087811733,-0.147561579,-1.176001746,107790703.5
297,53033026102,-1.196147036,-0.497829039,-0.910390305,107790703.5
298,53033026200,-0.985411016,-0.802267113,-1.183813847,107790703.7
299,53033026300,-0.990158686,0.097952997,-0.918202406,107790703.9
300,53033026400,-1.099680907,-0.147561579,-0.522389279,107790704.1
301,53033026500,-1.291658977,-2.128045819,-2.280112048,107790704.3
302,53033026600,-0.528005634,-0.088638081,0.623385563,107790704.5
303,53033026700,-0.185731239,-1.198363961,0.329129751,107790704.7
304,53033026801,-1.118345765,-1.103431658,-0.360939188,107790704.9
305,53033026802,-0.982269176,0.166697078,0.506204045,107790704.9
306,53033027000,-0.438567917,0.025935388,0.368190257,107790705.3
307,53033027100,-1.555852826,-2.072395849,-2.949348718,107790705.5
308,53033027200,-1.189630627,-0.330879128,-1.293183264,107790705.7
309,53033027300,-0.578926717,1.001446634,1.14419231,107790705.9
310,53033027400,-0.793595856,-1.997104712,-1.858258584,107790706.1
311,53033027500,-0.82350152,-0.913567053,-0.506765077,107790706.3
312,53033027600,-0.705787241,0.389296959,-0.16042859,107790706.5
313,53033027701,-0.728059397,0.20597941,-1.561398738,107790706.7
314,53033027702,-0.230485007,0.153602967,-0.399999694,107790706.7
315,53033027800,0.355968551,0.222347048,0.448915303,107790706.9
316,53033027901,-0.140744742,0.238714686,0.771815486,107790707.1
317,53033027902,-1.163215897,-0.301417379,0.107786884,107790707.1
318,53033028000,-0.934978663,-1.486434396,-0.834873327,107790707.3
319,53033028100,-1.190189176,-0.877558249,-1.845238415,107790707.5
320,53033028200,-1.052064573,-0.628770146,-0.413019862,107790707.7
321,53033028300,-0.294927639,0.58570862,-0.379167424,107790707.9
322,53033028402,-1.045315435,0.759205586,-1.337451837,107790708.1
323,53033028403,-1.25616782,-3.20830995,-2.53270332,107790708.1
324,53033028500,-0.722241175,-2.095310542,-0.764564416,107790708.3
325,53033028600,-0.039973128,-0.442179069,-0.556241718,107790708.5
326,53033028700,0.080114985,0.300911712,0.284861178,107790708.7
327,53033028801,-1.070938887,-2.147686985,-2.678529209,107790708.9
328,53033028802,-1.116274477,-0.972490551,-0.298442378,107790708.9
329,53033028901,-0.802276644,-0.733523032,-0.254173805,107790709.1
330,53033028902,-1.465810014,-0.196664494,-0.28542221,107790709.1
331,53033029001,-0.754125034,-0.144288051,0.14684739,107790709.4
332,53033029003,-1.15921296,0.241988214,0.842124397,107790709.4
333,53033029004,-1.678268228,-0.484734929,-0.993719385,107790709.4
334,53033029101,-0.625100131,0.317279351,-0.199489096,107790709.6
335,53033029102,-0.809514513,0.3467411,-0.524993313,107790709.6
336,53033029203,-0.968328715,-4.439156354,-2.55353559,107790709.7
337,53033029205,-0.95089732,-1.646837252,-0.96247098,107790709.8
338,53033029206,-1.713456838,-2.864589545,-2.295736251,107790709.8
339,53033029207,-0.175886806,0.461314568,1.14419231,107790709.8
340,53033029208,-1.126607641,0.883599638,1.14419231,107790709.8
341,53033029304,-0.301397503,0.791940863,0.667654136,107790710
342,53033029305,-0.375079473,0.611896841,0.524432281,107790710
343,53033029306,-0.069180605,0.111047107,-0.110951949,107790710
344,53033029307,0.247353973,0.726470309,0.805667924,107790710
345,53033029308,-0.461142621,-1.188543378,-1.264538893,107790710
346,53033029309,-0.774744815,0.340194044,-0.053663207,107790710
347,53033029403,-0.407405517,0.657726228,0.847332464,107790710.2
348,53033029405,-0.0463499,0.857411416,0.201532098,107790710.2
349,53033029406,-0.034364362,0.916334914,0.553076652,107790710.2
350,53033029407,-1.253631075,0.742837948,0.318713616,107790710.2
351,53033029408,-1.147064511,-1.735222499,-0.558845751,107790710.2
352,53033029504,-0.962533765,-0.232673298,-0.18126086,107790710.4
353,53033029505,-1.282838552,1.001446634,0.870768768,107790710.4
354,53033029506,-1.339694222,-0.743343615,-0.014602701,107790710.4
355,53033029507,-0.234627581,0.202705882,0.508808079,107790710.4
356,53033029508,0.145697989,1.001446634,1.14419231,107790710.4
357,53033029602,0.725821321,-0.330879128,-0.001582533,107790710.6
358,53033029603,-0.103694301,1.001446634,1.14419231,107790710.6
359,53033029604,-1.038217204,1.001446634,0.792647756,107790710.6
360,53033029701,-1.129470206,-1.777778358,-1.748889167,107790710.8
361,53033029702,-1.037309561,-1.054328743,-1.110900903,107790710.8
362,53033029803,-0.899324596,-0.13119394,-0.74633618,107790711
363,53033029804,0.336675325,1.001446634,1.14419231,107790711
364,53033029805,-0.270235103,0.592255675,0.493183876,107790711
365,53033029806,-0.552651625,0.395844015,0.139035289,107790711
366,53033029901,-0.367911423,0.644632118,1.01919869,107790711.2
367,53033029902,0.572383157,0.484229262,0.644217833,107790711.2
368,53033030003,-0.868674199,-0.275229158,-0.207301198,107790711.4
369,53033030005,-0.89227291,0.827949667,-0.59269819,107790711.4
370,53033030006,-1.364922035,-1.659931362,-0.988511317,107790711.4
371,53033030007,-1.621552195,0.520238066,0.123411086,107790711.4
372,53033030008,-1.168824663,-0.193390966,-0.798416855,107790711.4
373,53033030101,-0.995697634,-0.258861519,-1.488485794,107790711.6
374,53033030102,-0.294438909,-1.440605008,-0.798416855,107790711.6
375,53033030201,-1.023927649,0.127414746,-0.071891443,107790711.8
376,53033030203,-1.014455583,1.001446634,-0.035434971,107790711.8
377,53033030204,-1.321331912,-1.073969909,-3.733162871,107790711.8
378,53033030304,-0.416784492,0.294364657,0.873372801,107790712
379,53033030305,-0.969119993,0.729743837,-0.579678021,107790712
380,53033030306,-0.300978591,0.025935388,-0.118764051,107790712
381,53033030308,-0.843376568,0.723196782,-0.100535815,107790712
382,53033030309,-0.912357414,-0.288323268,0.118203019,107790712
383,53033030310,-0.164808911,-0.684420117,0.290069245,107790712
384,53033030311,-0.4412443,0.068491248,-0.256777838,107790712
385,53033030312,-0.720937893,0.778846752,-0.761960383,107790712
386,53033030313,-1.400296828,-1.71885486,-1.428593018,107790712
387,53033030314,-1.527529719,-0.363614405,-0.954658879,107790712
388,53033030403,-0.214705987,-0.573120176,-0.183864894,107790712.2
389,53033030404,-0.372309999,0.68391445,0.571304888,107790712.2
390,53033030405,-0.796458421,-2.530689723,-4.769568296,107790712.2
391,53033030406,-0.939447058,-3.19521584,-1.699412526,107790712.2
392,53033030407,-0.574737597,1.001446634,-3.024865696,107790712.2
393,53033030501,-1.89047044,-3.535662717,-2.623844501,107790712.4
394,53033030503,-1.185371688,-2.429210365,-2.126474058,107790712.4
395,53033030504,-1.006705711,-1.168902212,-1.410364782,107790712.4
396,53033030600,-1.180507654,-0.465093763,0.045290074,107790712.6
397,53033030700,-1.440628747,-0.893925887,-1.379116377,107790712.8
398,53033030801,-1.431389409,-1.093611075,-0.735920045,107790713
399,53033030802,-1.084460437,-1.090337548,-2.222823306,107790713
400,53033030901,-0.642810801,0.471135151,-1.267142927,107790713.2
401,53033030902,-1.081714235,-1.109978714,-1.019759722,107790713.2
402,53033031000,0.172112719,-0.317785017,0.409854797,107790713.4
403,53033031101,-0.975403673,-0.239220353,-0.452080368,107790713.6
404,53033031102,-1.229241086,-0.474914346,-1.358284107,107790713.6
405,53033031202,-0.373869283,0.255082325,-0.345314985,107790713.8
406,53033031204,-0.18114648,0.255082325,0.550472619,107790713.8
407,53033031206,-0.582254741,-0.556752537,-0.095327747,107790713.8
408,53033031207,-0.39083522,0.602076258,0.826500194,107790713.8
409,53033031208,-0.863810165,0.729743837,0.237988571,107790713.8
410,53033031301,-0.006599804,-1.617375503,-0.907786272,107790714
411,53033031302,-1.115692655,-1.299843319,-0.806228956,107790714
412,53033031400,-0.232160655,-0.199938021,0.441103202,107790714.2
413,53033031501,-0.375800933,0.048850082,-0.26458994,107790714.4
414,53033031502,-0.352621134,-0.746617142,-0.18126086,107790714.4
415,53033031601,-0.063688203,0.677367394,0.290069245,107790714.6
416,53033031603,-0.053145584,-0.654958367,-0.636966763,107790714.6
417,53033031604,-0.06769114,0.513691011,0.797855823,107790714.6
418,53033031605,0.502727396,0.536605704,0.974930117,107790714.6
419,53033031704,-0.111025262,0.094679469,0.081746547,107790714.8
420,53033031705,0.507335429,0.808308501,0.990554319,107790714.9
421,53033031707,1.166749497,0.706829143,0.597345226,107790714.9
422,53033031708,-0.676975404,-0.602581925,0.464539505,107790714.9
423,53033031709,0.517040224,0.192885299,0.821292127,107790714.9
424,53033031710,-0.560215314,-2.828580741,-1.504109996,107790714.8
425,53033031800,0.453924146,0.530058649,0.659842035,107790715
426,53033031904,-0.005668888,0.078311831,0.409854797,107790715.3
427,53033031906,-0.046605902,0.59880273,0.82389616,107790715.3
428,53033031908,-0.591540624,0.02266186,0.425478999,107790715.3
429,53033031909,-0.431330048,0.870505527,0.935869611,107790715.3
430,53033031910,-0.461957172,0.513691011,0.514016146,107790715.3
431,53033031911,0.492114959,1.001446634,1.14419231,107790715.3
432,53033031912,-0.601710877,-0.497829039,-0.816645091,107790715.3
433,53033031913,1.063231682,-0.825181806,0.282257144,107790715.3
434,53033032002,-0.132925051,0.386023432,0.024457805,107790715.5
435,53033032003,0.617532563,0.775573224,0.654633968,107790715.5
436,53033032005,-0.082097059,-0.085364553,-0.306254479,107790715.5
437,53033032006,-0.153009555,0.769026169,0.560888753,107790715.5
438,53033032007,0.176022565,-0.285049741,-0.051059174,107790715.5
439,53033032008,0.333533485,0.775573224,0.849936498,107790715.5
440,53033032010,0.307956579,-1.041234633,-0.480724739,107790715.5
441,53033032011,0.451596857,0.805034973,1.14419231,107790715.5
442,53033032102,0.682184652,0.772299697,0.412458831,107790715.7
443,53033032103,-0.272934758,0.785393807,0.555680686,107790715.7
444,53033032104,-0.041881505,0.356561683,0.308297481,107790715.7
445,53033032207,1.601975815,1.001446634,0.875976835,107790715.9
446,53033032211,1.243340579,1.001446634,1.14419231,107790715.9
447,53033032213,2.034618842,0.857411416,1.029614825,107790715.9
448,53033032215,3.090998598,0.503870428,1.14419231,107790715.9
449,53033032216,2.452925769,1.001446634,1.14419231,107790715.9
450,53033032217,2.78614701,1.001446634,0.878580869,107790715.9
451,53033032218,0.994320654,0.611896841,0.514016146,107790715.9
452,53033032219,1.04582356,0.268176436,0.386418493,107790715.9
453,53033032220,0.687281415,0.615170369,0.836916329,107790715.9
454,53033032221,1.550286726,1.001446634,1.14419231,107790715.9
455,53033032222,-0.006599804,0.700282088,0.904621206,107790715.9
456,53033032223,1.682918927,1.001446634,0.766607418,107790715.9
457,53033032224,2.147352722,1.001446634,1.14419231,107790715.9
458,53033032225,1.907176496,0.30418524,0.589533125,107790715.9
459,53033032307,0.911073526,0.602076258,0.696298508,107790716.1
460,53033032311,1.166144402,0.78212028,0.969722049,107790716.1
461,53033032313,0.629774104,0.392570487,0.224968402,107790716.1
462,53033032315,1.482865164,1.001446634,0.974930117,107790716.1
463,53033032316,1.732071271,0.831223195,1.14419231,107790716.1
464,53033032317,1.921722052,0.729743837,0.92805751,107790716.1
465,53033032318,2.446967909,0.775573224,1.14419231,107790716.1
466,53033032319,-0.332187536,-1.296569791,-1.498901929,107790716.1
467,53033032320,2.202718928,0.78212028,0.90722524,107790716.1
468,53033032321,2.843258682,1.001446634,1.14419231,107790716.1
469,53033032322,1.970595122,1.001446634,1.14419231,107790716.1
470,53033032323,1.723157754,0.569340981,0.84472843,107790716.1
471,53033032324,0.436609116,0.448220457,0.704110609,107790716.1
472,53033032325,0.262504625,0.343467572,1.14419231,107790716.1
473,53033032326,1.984233035,0.477682206,-0.314066581,107790716.1
474,53033032327,0.528467213,0.248535269,0.485371775,107790716.1
475,53033032328,1.949789158,1.001446634,1.024406758,107790716.1
476,53033032330,0.868391046,-0.969217024,-0.868725766,107790716.1
477,53033032331,0.184563716,0.814855556,0.995762387,107790716.1
478,53033032332,2.145770166,1.001446634,0.792647756,107790716.1
479,53033032333,1.066140793,1.001446634,0.435895134,107790716.1
480,53033032401,0.57869011,1.001446634,0.852540531,107790716.3
481,53033032402,0.742089071,0.186338244,0.370794291,107790716.3
482,53033032500,0.297809599,-0.386529099,-0.577073988,107790716.5
483,53033032601,0.553415751,0.480955734,0.951493813,107790716.7
484,53033032603,1.41704943,-0.170476272,1.14419231,107790716.7
485,53033032604,1.656062012,1.001446634,1.14419231,107790716.7
486,53033032605,0.980566376,1.001446634,1.14419231,107790716.7
487,53033032703,-0.27721697,0.79521439,0.227572436,107790716.9
488,53033032704,0.119795262,0.461314568,0.094766715,107790716.9
489,53033032705,0.30369764,1.001446634,1.14419231,107790716.9
490,53033032706,-0.185917422,1.001446634,1.14419231,107790716.9
491,53033032800,0.095987096,0.21907352,-0.314066581,107790717.1
0,53053060200,0.05444272,0.54197564,0.649331834,276318021.9
1,53053060300,0.414160621,-0.572303811,-0.392729323,276318022.4
2,53053060400,1.577298377,-0.108293013,0.191309605,276318022.9
3,53053060500,2.552190588,1.136693705,1.058886103,276318023.5
4,53053060600,0.186974512,-0.006994881,0.477270573,276318024
5,53053060700,1.14308548,-0.529823949,-0.184317092,276318024.5
6,53053060800,0.821048186,-1.108203605,0.089526887,276318025
7,53053060903,-0.258499255,-0.791238483,-0.324874178,276318025.5
8,53053060904,-0.07741972,-0.761829348,0.019248344,276318025.5
9,53053060906,-0.187547891,-2.01661911,-1.463871257,276318025.5
10,53053060907,-1.277017499,-3.258338146,-1.206991064,276318025.5
11,53053060908,1.540287121,-1.2160371,0.516044942,276318025.6
12,53053061001,-0.019934154,-0.758561666,-0.23520845,276318026
13,53053061002,-1.454395909,-3.075347972,-2.348411541,276318026
14,53053061100,-0.371304836,-0.546162357,-0.596294758,276318026.6
15,53053061200,-0.390282948,-2.686493853,-1.50991582,276318027.1
16,53053061300,-0.750079597,0.182530656,-0.09949816,276318027.6
17,53053061400,-2.04901716,-0.866395161,-2.663453287,276318028.1
18,53053061501,-1.184331867,-3.055741882,-2.731308432,276318028.6
19,53053061502,-0.940530066,0.421071418,0.02409514,276318028.7
20,53053061601,-2.237262703,-3.444596001,-2.474428239,276318029.1
21,53053061602,-1.403092009,0.238081244,-0.261865829,276318029.2
22,53053061700,-0.62467444,-0.614783672,-1.15125291,276318029.7
23,53053061800,-0.694011483,-0.170378965,-2.290249988,276318030.2
24,53053061900,-1.12267269,-0.892536615,-1.265152617,276318030.7
25,53053062000,-1.253472041,0.136783113,-0.69323068,276318031.2
26,53053062300,-0.503679134,0.002808164,0.094373683,276318032.8
27,53053062400,-0.85197867,-2.0362252,-1.335431161,276318033.3
28,53053062501,-0.488008411,-0.056010106,0.329443293,276318033.9
29,53053062502,-0.803982159,0.989648029,1.034652123,276318033.9
30,53053062600,-1.250715884,-0.53309163,-1.371782131,276318034.4
31,53053062801,-1.795962546,-0.836986026,-0.496935439,276318035.4
32,53053062802,-0.639990799,0.372056193,-0.213397868,276318035.4
33,53053062901,-1.298476153,0.081232524,0.14768844,276318035.9
34,53053062902,-0.526594613,0.336111695,0.501504554,276318035.9
35,53053063000,-0.569000062,1.241259518,1.289108917,276318036.5
36,53053063100,-0.391464158,-0.794506164,0.17192242,276318037
37,53053063200,-0.433200254,-0.627854399,0.428802613,276318037.5
38,53053063301,-0.793863124,-0.252071007,0.29551572,276318038
39,53053063302,-0.614122294,-0.085419241,0.41910902,276318038
40,53053063401,-1.68492878,-1.582017448,-2.266016008,276318038.5
41,53053063402,-1.131846757,1.28373938,1.13643484,276318038.6
42,53053063501,-0.966831682,-0.124631421,-0.894372717,276318039.1
43,53053063502,-1.276899378,-0.954622566,-0.797436796,276318039.1
44,53053070100,0.671900703,1.139961386,0.288245526,276318073.4
45,53053070204,0.467157589,-0.203055781,0.331866691,276318074
46,53053070205,0.111849539,1.113819933,0.608134068,276318074
47,53053070206,0.94716207,0.711895087,-0.366071945,276318074
48,53053070207,1.298217763,-0.114828376,-2.110918533,276318074
49,53053070208,1.548909956,1.28373938,1.434512799,276318074
50,53053070209,0.167838906,0.492960415,0.811699503,276318074
51,53053070307,1.183207256,0.643273772,-1.216684657,276318074.5
52,53053070308,0.149490773,0.228278199,0.268858342,276318074.5
53,53053070309,0.864319856,-0.850056753,0.019248344,276318074.5
54,53053070310,0.713833667,1.104016888,1.010418142,276318074.5
55,53053070311,1.003151437,0.773981039,0.797159115,276318074.5
56,53053070312,1.934653858,1.130158341,0.588746883,276318074.6
57,53053070313,0.904441632,0.532172595,0.397298438,276318074.6
58,53053070314,1.330071067,0.983112666,1.078273287,276318074.6
59,53053070315,2.101480122,1.198779656,0.998301152,276318074.6
60,53053070316,1.254316114,1.28373938,0.363370866,276318074.6
61,53053070401,0.17902103,0.636738409,0.217966983,276318075
62,53053070403,0.38789838,0.865476126,0.581476689,276318075
63,53053070404,0.760688342,0.110641659,0.738997562,276318075
64,53053070703,-0.162427486,0.352450103,-0.441197284,276318076.6
65,53053071100,-0.186917913,-1.497057724,-1.39843951,276318078.6
66,53053071205,0.952398769,-0.281480142,0.288245526,276318079.2
67,53053071206,0.281077597,-0.127899103,0.387604846,276318079.2
68,53053071207,-1.220870638,-1.614694264,-1.800723584,276318079.2
69,53053071209,1.540090253,0.839334672,1.192172995,276318079.2
70,53053071210,1.869057314,0.146586158,0.64206164,276318079.2
71,53053071211,-0.987542235,-0.781435438,0.053175916,276318079.2
72,53053071212,-0.474030756,1.28373938,1.434512799,276318079.2
73,53053071304,-0.600420255,0.042020344,0.217966983,276318079.7
74,53053071305,-0.236213755,1.097481525,0.440919603,276318079.7
75,53053071306,0.137088065,0.473354325,0.695376397,276318079.7
76,53053071307,0.886999093,1.10728457,1.303649305,276318079.7
77,53053071309,0.200243441,0.773981039,0.593593679,276318079.7
78,53053071310,1.493274952,1.28373938,1.165515617,276318079.8
79,53053071403,-0.541438489,0.486425052,0.438496205,276318080.2
80,53053071408,-0.441862463,0.666147544,-0.397576119,276318080.2
81,53053071409,-1.114876703,-0.451399589,-0.327297576,276318080.2
82,53053071411,-0.040408465,-0.37624291,-0.150389519,276318080.3
83,53053071412,0.450108787,1.28373938,1.209136782,276318080.3
84,53053071413,2.130341026,1.28373938,1.434512799,276318080.3
85,53053071414,0.246153147,1.28373938,1.434512799,276318080.3
86,53053071415,-0.451509014,1.28373938,0.397298438,276318080.3
87,53053071416,-1.099717837,0.332844013,-1.359665141,276318080.3
88,53053071417,0.851129675,0.479889688,0.838356881,276318080.3
89,53053071503,-0.936080841,-1.611426583,-0.833787766,276318080.7
90,53053071504,-1.186812408,0.917759032,-0.196434082,276318080.7
91,53053071505,-0.045960153,-0.23900028,-0.072840782,276318080.8
92,53053071506,-0.336734749,0.574652457,0.799582513,276318080.8
93,53053071601,-1.105781383,-0.490611769,-1.412979898,276318081.2
94,53053071603,-1.16251885,-1.947997795,-1.354818345,276318081.2
95,53053071604,-0.769215203,0.126980068,0.375487856,276318081.3
96,53053071703,-1.170275464,-0.500414814,-1.080974366,276318081.8
97,53053071704,-1.593266863,0.881814534,0.193733003,276318081.8
98,53053071705,-1.005024147,0.372056193,-0.407269711,276318081.8
99,53053071706,-1.469121663,-1.046117653,0.121031061,276318081.8
100,53053071707,-1.145430675,-1.307532187,-0.710194466,276318081.8
101,53053071803,-1.121530854,-1.395759592,-0.409693109,276318082.3
102,53053071805,-1.523063599,-0.742223258,-0.889525921,276318082.3
103,53053071806,-1.807302164,-1.572214403,-1.946127467,276318082.3
104,53053071807,-1.365490149,-0.006994881,-0.385459129,276318082.3
105,53053071808,-1.617206058,-1.17682492,-1.316043976,276318082.3
106,53053071901,-0.677120176,-2.722438352,-2.161809892,276318082.8
107,53053071902,0.165161496,-0.575571492,-1.68197708,276318082.8
108,53053072000,-1.512235838,0.558314048,-0.421810099,276318083.3
109,53053072105,0.322892441,0.450480553,0.537855524,276318083.9
110,53053072106,-1.302492268,-0.631122081,-1.017966017,276318083.9
111,53053072107,0.155711814,-0.216126508,0.201003197,276318083.9
112,53053072108,-0.270114489,-0.157308238,0.564512903,276318083.9
113,53053072109,-0.054897978,0.120444704,0.278551934,276318083.9
114,53053072111,0.928026463,0.411268373,0.903788628,276318083.9
115,53053072112,-0.056118562,-0.487344087,-0.08738117,276318083.9
116,53053072305,0.065034238,-0.000459518,-0.242478645,276318084.9
117,53053072307,-0.381896355,0.064894116,0.53058533,276318084.9
118,53053072309,0.838057614,0.885082216,0.97649057,276318085
119,53053072310,-0.720746208,-1.033046927,-0.08738117,276318084.9
120,53053072311,-0.913559098,-0.555965402,-0.22309146,276318084.9
121,53053072312,-0.17585391,0.300167196,-0.336991168,276318085
122,53053072313,1.018270928,0.319773286,0.622674456,276318085
123,53053072314,-0.062812087,-1.238910872,0.152535236,276318085
124,53053072315,0.392780715,0.898152942,1.434512799,276318085
125,53053072405,2.332761093,0.4243391,1.21156018,276318085.5
126,53053072406,1.872089087,0.907955987,1.146128432,276318085.5
127,53053072407,0.278990792,0.551778685,0.140418246,276318085.5
128,53053072408,0.653080086,0.764177994,1.155822025,276318085.5
129,53053072409,1.504142087,0.947168168,1.184902801,276318085.5
130,53053072410,2.086596872,0.450480553,0.409415428,276318085.5
131,53053072503,0.737300378,-0.392581319,-0.043760005,276318086
132,53053072504,1.962018562,0.470086643,0.831086687,276318086
133,53053072506,1.154858209,0.894885261,0.811699503,276318086
134,53053072507,-0.072734253,-0.281480142,0.491810962,276318086
135,53053072508,0.910032694,1.077875434,0.746267756,276318086
136,53053072509,0.990669982,1.28373938,1.434512799,276318086
137,53053072601,1.281641445,0.924294396,1.233370762,276318086.5
138,53053072602,0.170083205,0.760910312,-0.08738117,276318086.5
139,53053072603,-0.646920566,0.54197564,0.436072807,276318086.5
140,53053072801,1.27065619,1.28373938,1.434512799,276318087.5
141,53053072802,0.340846837,0.440677508,0.809276105,276318087.5
142,53053072901,-1.38179085,1.28373938,1.197019791,276318088
143,53053072903,-0.966831682,1.28373938,1.434512799,276318088
144,53053072907,-1.401241446,-0.405652045,0.261588148,276318088
145,53053072908,-1.606181429,1.28373938,0.12345446,276318088.1
146,53053073001,0.496924088,-1.784613711,-2.12788232,276318088.5
147,53053073005,0.083342998,-0.755293984,-1.713481255,276318088.6
148,53053073006,0.708518221,0.084500206,-0.845904757,276318088.6
149,53053073110,0.507436859,0.208672109,0.637214844,276318089.1
150,53053073111,0.025188079,0.555046367,0.833510085,276318089.1
151,53053073114,0.013179108,-1.934927068,-1.44690747,276318089.1
152,53053073115,0.71332181,-0.271677097,-0.072840782,276318089.1
153,53053073116,0.837545757,0.296899515,0.448189797,276318089.2
154,53053073117,0.707140143,-1.153951148,-1.475988247,276318089.1
155,53053073118,0.209889992,0.917759032,1.163092219,276318089.2
156,53053073119,0.109802108,-0.049474743,0.717186979,276318089.2
157,53053073120,0.216544143,1.104016888,0.663872222,276318089.2
158,53053073121,0.960824735,0.551778685,0.966796978,276318089.2
159,53053073122,0.712809952,1.084410798,0.993454356,276318089.2
160,53053073123,1.772906798,1.28373938,0.603287271,276318089.2
161,53053073124,0.563819963,1.090946161,1.046769113,276318089.2
162,53053073126,0.367069705,1.28373938,1.434512799,276318089.2
163,53053073127,-0.428160424,0.280561106,-0.591447962,276318089.2
164,53053073128,0.318246347,-0.235732598,0.087103489,276318089.2
165,53053073129,0.812031615,0.858940762,1.119471054,276318089.2
166,53053073130,-0.279052314,-0.075616196,-2.360528532,276318089.2
167,53053073131,0.332932728,-0.16057592,0.627521252,276318089.2
168,53053073132,0.186541402,-0.520020904,0.130724654,276318089.2
169,53053073133,0.571458456,0.228278199,0.651755232,276318089.2
170,53053073200,-0.012886266,0.153121521,-0.152812917,276318089.6
171,53053073301,-0.572228703,-0.114828376,-0.23520845,276318090.1
172,53053073302,0.059246308,0.362253148,0.49423436,276318090.1
173,53053073404,-0.202431141,-1.947997795,-1.987325233,276318090.6
174,53053073405,-0.662670037,-0.21939419,-1.06401058,276318090.6
175,53053073406,-0.024580248,0.189066019,0.312479507,276318090.7
176,53053073407,-0.565535179,-0.386045955,-1.335431161,276318090.6
177,53053073408,-0.082065814,-0.21939419,-0.060723792,276318090.7
178,53053073501,1.100286295,0.986380348,1.027381929,276318091.2
179,53053073502,0.662254152,0.617132319,0.625097854,276318091.2
180,53053940001,1.585212485,0.976577303,1.206713383,276322604.2
181,53053940002,-0.279682293,0.195601383,-0.409693109,276322604.2
182,53053940004,0.348760946,0.692288997,-0.247325441,276322604.2
183,53053940005,0.184415223,0.198869064,0.460306787,276322604.2
184,53053940006,-2.006060479,-1.666977171,-2.219971445,276322604.2
185,53053940007,-0.755001306,-1.140880422,-1.296656792,276322604.2
186,53053940008,0.468220678,0.042020344,0.474847175,276322604.2
187,53053940009,1.181514188,0.626935364,0.564512903,276322604.2
188,53053940010,-0.446941667,-0.993834746,-0.92830029,276322604.2
189,53053940011,1.849724839,0.855673081,1.061309501,276322604.2
190,53053940012,-0.57100812,0.760910312,0.019248344,276322604.2
191,53053940013,0.922120412,0.388394601,0.685682805,276322604.2
